postal,municipality,region
1050,101,1084
1051,101,1084
1052,101,1084
1053,101,1084
1054,101,1084
1055,101,1084
1056,101,1084
1057,101,1084
1058,101,1084
1059,101,1084
1061,101,1084
1062,101,1084
1063,101,1084
1064,101,1084
1065,101,1084
1066,101,1084
1067,101,1084
1068,101,1084
1069,101,1084
1070,101,1084
1071,101,1084
1072,101,1084
1073,101,1084
1074,101,1084
1100,101,1084
1101,101,1084
1102,101,1084
1103,101,1084
1104,101,1084
1106,101,1084
1107,101,1084
1110,101,1084
1111,101,1084
1112,101,1084
1113,101,1084
1114,101,1084
1115,101,1084
1116,101,1084
1117,101,1084
1118,101,1084
1119,101,1084
1123,101,1084
1124,101,1084
1125,101,1084
1127,101,1084
1128,101,1084
1129,101,1084
1130,101,1084
1131,101,1084
1150,101,1084
1151,101,1084
1152,101,1084
1153,101,1084
1154,101,1084
1156,101,1084
1157,101,1084
1158,101,1084
1159,101,1084
1160,101,1084
1161,101,1084
1164,101,1084
1165,101,1084
1166,101,1084
1169,101,1084
1170,101,1084
1171,101,1084
1172,101,1084
1173,101,1084
1174,101,1084
1175,101,1084
1200,101,1084
1201,101,1084
1202,101,1084
1203,101,1084
1204,101,1084
1205,101,1084
1206,101,1084
1207,101,1084
1208,101,1084
1209,101,1084
1210,101,1084
1211,101,1084
1218,101,1084
1220,101,1084
1250,101,1084
1251,101,1084
1253,101,1084
1254,101,1084
1255,101,1084
1256,101,1084
1257,101,1084
1259,101,1084
1260,101,1084
1261,101,1084
1263,101,1084
1264,101,1084
1265,101,1084
1266,101,1084
1267,101,1084
1268,101,1084
1270,101,1084
1271,101,1084
1300,101,1084
1302,101,1084
1303,101,1084
1304,101,1084
1306,101,1084
1307,101,1084
1308,101,1084
1309,101,1084
1310,101,1084
1311,101,1084
1312,101,1084
1313,101,1084
1314,101,1084
1315,101,1084
1316,101,1084
1317,101,1084
1318,101,1084
1319,101,1084
1320,101,1084
1321,101,1084
1322,101,1084
1323,101,1084
1324,101,1084
1325,101,1084
1326,101,1084
1327,101,1084
1328,101,1084
1329,101,1084
1350,101,1084
1352,101,1084
1353,101,1084
1354,101,1084
1355,101,1084
1356,101,1084
1357,101,1084
1358,101,1084
1359,101,1084
1360,101,1084
1361,101,1084
1362,101,1084
1363,101,1084
1364,101,1084
1365,101,1084
1366,101,1084
1367,101,1084
1368,101,1084
1369,101,1084
1370,101,1084
1400,101,1084
1401,101,1084
1402,101,1084
1403,101,1084
1406,101,1084
1407,101,1084
1408,101,1084
1410,101,1084
1411,101,1084
1412,101,1084
1413,101,1084
1414,101,1084
1415,101,1084
1416,101,1084
1417,101,1084
1418,101,1084
1419,101,1084
1420,101,1084
1421,101,1084
1422,101,1084
1423,101,1084
1424,101,1084
1425,101,1084
1426,101,1084
1427,101,1084
1428,101,1084
1429,101,1084
1430,101,1084
1432,101,1084
1434,101,1084
1435,101,1084
1436,101,1084
1437,101,1084
1439,101,1084
1440,101,1084
1441,101,1084
1450,101,1084
1451,101,1084
1452,101,1084
1453,101,1084
1454,101,1084
1455,101,1084
1456,101,1084
1457,101,1084
1458,101,1084
1459,101,1084
1460,101,1084
1462,101,1084
1463,101,1084
1464,101,1084
1466,101,1084
1467,101,1084
1468,101,1084
1470,101,1084
1471,101,1084
1472,101,1084
1550,101,1084
1552,101,1084
1553,101,1084
1554,101,1084
1555,101,1084
1556,101,1084
1557,101,1084
1558,101,1084
1559,101,1084
1560,101,1084
1561,101,1084
1562,101,1084
1563,101,1084
1564,101,1084
1568,101,1084
1569,101,1084
1571,101,1084
1572,101,1084
1573,101,1084
1574,101,1084
1575,101,1084
1576,101,1084
1577,101,1084
1600,101,1084
1601,101,1084
1602,101,1084
1603,101,1084
1606,101,1084
1608,101,1084
1610,101,1084
1611,101,1084
1614,101,1084
1615,101,1084
1616,101,1084
1617,101,1084
1618,101,1084
1619,101,1084
1620,101,1084
1621,101,1084
1622,101,1084
1623,101,1084
1624,101,1084
1631,101,1084
1632,101,1084
1633,101,1084
1634,101,1084
1635,101,1084
1650,101,1084
1651,101,1084
1652,101,1084
1653,101,1084
1654,101,1084
1655,101,1084
1656,101,1084
1657,101,1084
1658,101,1084
1659,101,1084
1660,101,1084
1661,101,1084
1662,101,1084
1663,101,1084
1664,101,1084
1665,101,1084
1666,101,1084
1667,101,1084
1668,101,1084
1669,101,1084
1670,101,1084
1671,101,1084
1672,101,1084
1673,101,1084
1674,101,1084
1675,101,1084
1676,101,1084
1677,101,1084
1700,101,1084
1701,101,1084
1702,101,1084
1703,101,1084
1704,101,1084
1705,101,1084
1706,101,1084
1707,101,1084
1708,101,1084
1709,101,1084
1710,101,1084
1717,101,1084
1718,101,1084
1719,101,1084
1720,101,1084
1721,101,1084
1722,101,1084
1723,101,1084
1724,101,1084
1725,101,1084
1726,101,1084
1727,101,1084
1728,101,1084
1729,101,1084
1730,101,1084
1731,101,1084
1732,101,1084
1733,101,1084
1734,101,1084
1735,101,1084
1736,101,1084
1737,101,1084
1738,101,1084
1739,101,1084
1749,101,1084
1750,101,1084
1751,101,1084
1752,101,1084
1753,101,1084
1754,101,1084
1755,101,1084
1756,101,1084
1757,101,1084
1758,101,1084
1759,101,1084
1760,101,1084
1761,101,1084
1762,101,1084
1763,101,1084
1764,101,1084
1765,101,1084
1766,101,1084
1770,101,1084
1771,101,1084
1772,101,1084
1773,101,1084
1774,101,1084
1775,101,1084
1777,101,1084
1799,101,1084
1800,147,1084
1801,147,1084
1802,147,1084
1803,147,1084
1804,147,1084
1805,147,1084
1806,147,1084
1807,147,1084
1808,147,1084
1809,147,1084
1810,147,1084
1811,147,1084
1812,147,1084
1813,147,1084
1814,147,1084
1815,147,1084
1816,147,1084
1817,147,1084
1818,147,1084
1819,147,1084
1820,147,1084
1822,147,1084
1823,147,1084
1824,147,1084
1825,147,1084
1826,147,1084
1827,147,1084
1828,147,1084
1829,147,1084
1850,147,1084
1851,147,1084
1852,147,1084
1853,147,1084
1854,147,1084
1855,147,1084
1856,147,1084
1857,147,1084
1860,147,1084
1861,147,1084
1862,147,1084
1863,147,1084
1864,147,1084
1865,147,1084
1866,147,1084
1867,147,1084
1868,147,1084
1870,147,1084
1871,147,1084
1872,147,1084
1873,147,1084
1874,147,1084
1875,147,1084
1876,147,1084
1877,147,1084
1878,147,1084
1879,147,1084
1900,147,1084
1901,147,1084
1902,147,1084
1903,147,1084
1904,147,1084
1905,147,1084
1906,147,1084
1908,147,1084
1909,147,1084
1910,147,1084
1911,147,1084
1912,147,1084
1913,147,1084
1914,147,1084
1915,147,1084
1916,147,1084
1917,147,1084
1920,147,1084
1921,147,1084
1922,147,1084
1923,147,1084
1924,147,1084
1925,147,1084
1926,147,1084
1927,147,1084
1928,147,1084
1950,147,1084
1951,147,1084
1952,147,1084
1953,147,1084
1954,147,1084
1955,147,1084
1956,147,1084
1957,147,1084
1958,147,1084
1959,147,1084
1960,147,1084
1961,147,1084
1962,147,1084
1963,147,1084
1964,147,1084
1965,147,1084
1966,147,1084
1967,147,1084
1970,147,1084
1971,147,1084
1972,147,1084
1973,147,1084
1974,147,1084
2000,101,1084
2000,147,1084
2100,101,1084,
2150,101,1084,
2200,101,1084,
2200,147,1084,
2300,101,1084,
2300,185,Tårnby	1084,
2400,101,1084,
2450,101,1084,
2500,101,1084,
2600,161,1084,
2600,165,1084,
2605,153,Brøndby	1084,
2610,101,1084,
2610,167,Hvidovre	1084,
2610,175,Rødovre	1084,
2620,165,Albertslund	1084,
2625,187,Vallensbæk	1084,
2630,169,Høje-Taastrup	1084,
2635,183,Ishøj	1084,
2640,169,Høje-Taastrup	1084,
2640,183,Ishøj	1084,
2640,253,Greve	1085,Sjælland
2640,265,Roskilde	1085,Sjælland
2650,153,Brøndby	1084,
2650,167,Hvidovre	1084,
2660,153,Brøndby	1084,
2660,167,Hvidovre	1084,
2665,187,Vallensbæk	1084,
2670,Greve	253,Greve	1085,Sjælland
2680,Solrød,Strand	269,Solrød	1085,Sjælland
2690,Karlslunde	253,Greve	1085,Sjælland
2690,Karlslunde	269,Solrød	1085,Sjælland
2700,Brønshøj	101,1084,
2720,Vanløse	101,1084,
2720,Vanløse	147,1084,
2730,Herlev	151,Ballerup	1084,
2730,Herlev	163,Herlev	1084,
2740,Skovlunde	151,Ballerup	1084,
2740,Skovlunde	163,Herlev	1084,
2750,Ballerup	151,Ballerup	1084,
2750,Ballerup	240,Egedal	1084,
2760,Måløv	151,Ballerup	1084,
2765,Smørum	240,Egedal	1084,
2770,Kastrup	101,1084,
2770,Kastrup	185,Tårnby	1084,
2791,Dragør	155,Dragør	1084,
2791,Dragør	185,Tårnby	1084,
2800,Kgs.,Lyngby	157,Gentofte	1084,
2800,Kgs.,Lyngby	159,Gladsaxe	1084,
2800,Kgs.,Lyngby	173,Lyngby-Taarbæk	1084,
2800,Kgs.,Lyngby	230,Rudersdal	1084,
2820,Gentofte	157,Gentofte	1084,
2820,Gentofte	159,Gladsaxe	1084,
2830,Virum	173,Lyngby-Taarbæk	1084,
2830,Virum	230,Rudersdal	1084,
2840,Holte	173,Lyngby-Taarbæk	1084,
2840,Holte	230,Rudersdal	1084,
2850,Nærum	230,Rudersdal	1084,
2860,Søborg	101,1084,
2860,Søborg	159,Gladsaxe	1084,
2870,Dyssegård	157,Gentofte	1084,
2880,Bagsværd	159,Gladsaxe	1084,
2880,Bagsværd	163,Herlev	1084,
2880,Bagsværd	190,Furesø	1084,
2900,Hellerup	101,1084,
2900,Hellerup	157,Gentofte	1084,
2920,Charlottenlund	157,Gentofte	1084,
2930,Klampenborg	157,Gentofte	1084,
2930,Klampenborg	173,Lyngby-Taarbæk	1084,
2942,Skodsborg	230,Rudersdal	1084,
2950,Vedbæk	223,Hørsholm	1084,
2950,Vedbæk	230,Rudersdal	1084,
2960,Rungsted,Kyst	223,Hørsholm	1084,
2970,Hørsholm	210,Fredensborg	1084,
2970,Hørsholm	223,Hørsholm	1084,
2970,Hørsholm	230,Rudersdal	1084,
2980,Kokkedal	210,Fredensborg	1084,
2980,Kokkedal	223,Hørsholm	1084,
2990,Nivå	210,Fredensborg	1084,
3000,Helsingør	217,Helsingør	1084,
3050,Humlebæk	210,Fredensborg	1084,
3060,Espergærde	210,Fredensborg	1084,
3060,Espergærde	217,Helsingør	1084,
3070,Snekkersten	217,Helsingør	1084,
3080,Tikøb	217,Helsingør	1084,
3100,Hornbæk	217,Helsingør	1084,
3100,Hornbæk	270,Gribskov	1084,
3120,Dronningmølle	270,Gribskov	1084,
3140,Ålsgårde	217,Helsingør	1084,
3150,Hellebæk	217,Helsingør	1084,
3200,Helsinge	219,Hillerød	1084,
3200,Helsinge	270,Gribskov	1084,
3210,Vejby	270,Gribskov	1084,
3220,Tisvildeleje	270,Gribskov	1084,
3230,Græsted	217,Helsingør	1084,
3230,Græsted	219,Hillerød	1084,
3230,Græsted	270,Gribskov	1084,
3250,Gilleleje	270,Gribskov	1084,
3300,Frederiksværk	260,Halsnæs	1084,
3300,Frederiksværk	270,Gribskov	1084,
3310,Ølsted	219,Hillerød	1084,
3310,Ølsted	260,Halsnæs	1084,
3320,Skævinge	219,Hillerød	1084,
3320,Skævinge	260,Halsnæs	1084,
3330,Gørløse	219,Hillerød	1084,
3360,Liseleje	260,Halsnæs	1084,
3370,Melby	260,Halsnæs	1084,
3390,Hundested	260,Halsnæs	1084,
3400,Hillerød	201,Allerød	1084,
3400,Hillerød	210,Fredensborg	1084,
3400,Hillerød	219,Hillerød	1084,
3450,Allerød	201,Allerød	1084,
3450,Allerød	210,Fredensborg	1084,
3450,Allerød	219,Hillerød	1084,
3460,Birkerød	190,Furesø	1084,
3460,Birkerød	201,Allerød	1084,
3460,Birkerød	230,Rudersdal	1084,
3480,Fredensborg	210,Fredensborg	1084,
3480,Fredensborg	217,Helsingør	1084,
3480,Fredensborg	219,Hillerød	1084,
3490,Kvistgård	210,Fredensborg	1084,
3490,Kvistgård	217,Helsingør	1084,
3500,Værløse	151,Ballerup	1084,
3500,Værløse	159,Gladsaxe	1084,
3500,Værløse	173,Lyngby-Taarbæk	1084,
3500,Værløse	190,Furesø	1084,
3500,Værløse	240,Egedal	1084,
3520,Farum	190,Furesø	1084,
3520,Farum	201,Allerød	1084,
3520,Farum	240,Egedal	1084,
3540,Lynge	201,Allerød	1084,
3540,Lynge	219,Hillerød	1084,
3540,Lynge	240,Egedal	1084,
3550,Slangerup	201,Allerød	1084,
3550,Slangerup	219,Hillerød	1084,
3550,Slangerup	240,Egedal	1084,
3550,Slangerup	250,Frederikssund	1084,
3600,Frederikssund	219,Hillerød	1084,
3600,Frederikssund	250,Frederikssund	1084,
3600,Frederikssund	260,Halsnæs	1084,
3630,Jægerspris	250,Frederikssund	1084,
3650,Ølstykke	240,Egedal	1084,
3660,Stenløse	240,Egedal	1084,
3670,Veksø,Sjælland	240,Egedal	1084,
3670,Veksø,Sjælland	265,Roskilde	1085,Sjælland
3700,Rønne	400,Bornholm	1084,
3720,Aakirkeby	400,Bornholm	1084,
3730,Nexø	400,Bornholm	1084,
3740,Svaneke	400,Bornholm	1084,
3751,Østermarie	400,Bornholm	1084,
3760,Gudhjem	400,Bornholm	1084,
3760,Gudhjem	411,Christiansø	1084,
3770,Allinge	400,Bornholm	1084,
3782,Klemensker	400,Bornholm	1084,
3790,Hasle	400,Bornholm	1084,
4000,Roskilde	169,Høje-Taastrup	1084,
4000,Roskilde	265,Roskilde	1085,Sjælland
4000,Roskilde	350,Lejre	1085,Sjælland
4030,Tune	253,Greve	1085,Sjælland
4030,Tune	265,Roskilde	1085,Sjælland
4040,Jyllinge	265,Roskilde	1085,Sjælland
4050,Skibby	250,Frederikssund	1084,
4060,Kirke,Såby	350,Lejre	1085,Sjælland
4070,Kirke,Hyllinge	350,Lejre	1085,Sjælland
4100,Ringsted	259,Køge	1085,Sjælland
4100,Ringsted	316,Holbæk	1085,Sjælland
4100,Ringsted	320,Faxe	1085,Sjælland
4100,Ringsted	329,Ringsted	1085,Sjælland
4100,Ringsted	340,Sorø	1085,Sjælland
4100,Ringsted	370,Næstved	1085,Sjælland
4130,Viby,Sjælland	259,Køge	1085,Sjælland
4130,Viby,Sjælland	265,Roskilde	1085,Sjælland
4140,Borup	259,Køge	1085,Sjælland
4140,Borup	265,Roskilde	1085,Sjælland
4140,Borup	329,Ringsted	1085,Sjælland
4160,Herlufmagle	320,Faxe	1085,Sjælland
4160,Herlufmagle	370,Næstved	1085,Sjælland
4171,Glumsø	370,Næstved	1085,Sjælland
4173,Fjenneslev	329,Ringsted	1085,Sjælland
4173,Fjenneslev	340,Sorø	1085,Sjælland
4174,Jystrup,Midtsj	259,Køge	1085,Sjælland
4174,Jystrup,Midtsj	329,Ringsted	1085,Sjælland
4180,Sorø	329,Ringsted	1085,Sjælland
4180,Sorø	330,Slagelse	1085,Sjælland
4180,Sorø	340,Sorø	1085,Sjælland
4190,Munke,Bjergby	330,Slagelse	1085,Sjælland
4190,Munke,Bjergby	340,Sorø	1085,Sjælland
4200,Slagelse	326,Kalundborg	1085,Sjælland
4200,Slagelse	330,Slagelse	1085,Sjælland
4200,Slagelse	340,Sorø	1085,Sjælland
4200,Slagelse	370,Næstved	1085,Sjælland
4220,Korsør	330,Slagelse	1085,Sjælland
4230,Skælskør	330,Slagelse	1085,Sjælland
4241,Vemmelev	330,Slagelse	1085,Sjælland
4242,Boeslunde	330,Slagelse	1085,Sjælland
4243,Rude	330,Slagelse	1085,Sjælland
4243,Rude	370,Næstved	1085,Sjælland
4250,Fuglebjerg	330,Slagelse	1085,Sjælland
4250,Fuglebjerg	370,Næstved	1085,Sjælland
4261,Dalmose	330,Slagelse	1085,Sjælland
4261,Dalmose	370,Næstved	1085,Sjælland
4262,Sandved	330,Slagelse	1085,Sjælland
4262,Sandved	370,Næstved	1085,Sjælland
4270,Høng	326,Kalundborg	1085,Sjælland
4270,Høng	330,Slagelse	1085,Sjælland
4281,Gørlev	326,Kalundborg	1085,Sjælland
4291,Ruds,Vedby	326,Kalundborg	1085,Sjælland
4291,Ruds,Vedby	340,Sorø	1085,Sjælland
4293,Dianalund	326,Kalundborg	1085,Sjælland
4293,Dianalund	340,Sorø	1085,Sjælland
4295,Stenlille	316,Holbæk	1085,Sjælland
4295,Stenlille	340,Sorø	1085,Sjælland
4296,Nyrup	316,Holbæk	1085,Sjælland
4296,Nyrup	340,Sorø	1085,Sjælland
4300,Holbæk	316,Holbæk	1085,Sjælland
4320,Lejre	259,Køge	1085,Sjælland
4320,Lejre	265,Roskilde	1085,Sjælland
4320,Lejre	350,Lejre	1085,Sjælland
4330,Hvalsø	316,Holbæk	1085,Sjælland
4330,Hvalsø	329,Ringsted	1085,Sjælland
4330,Hvalsø	350,Lejre	1085,Sjælland
4340,Tølløse	316,Holbæk	1085,Sjælland
4340,Tølløse	350,Lejre	1085,Sjælland
4350,Ugerløse	316,Holbæk	1085,Sjælland
4360,Kirke,Eskilstrup	316,Holbæk	1085,Sjælland
4360,Kirke,Eskilstrup	329,Ringsted	1085,Sjælland
4370,Store,Merløse	316,Holbæk	1085,Sjælland
4370,Store,Merløse	329,Ringsted	1085,Sjælland
4370,Store,Merløse	340,Sorø	1085,Sjælland
4390,Vipperød	316,Holbæk	1085,Sjælland
4400,Kalundborg	326,Kalundborg	1085,Sjælland
4420,Regstrup	316,Holbæk	1085,Sjælland
4440,Mørkøv	316,Holbæk	1085,Sjælland
4450,Jyderup	316,Holbæk	1085,Sjælland
4450,Jyderup	326,Kalundborg	1085,Sjælland
4460,Snertinge	316,Holbæk	1085,Sjælland
4460,Snertinge	326,Kalundborg	1085,Sjælland
4470,Svebølle	326,Kalundborg	1085,Sjælland
4480,Store,Fuglede	326,Kalundborg	1085,Sjælland
4490,Jerslev,Sjælland	326,Kalundborg	1085,Sjælland
4500,Nykøbing,Sj	306,Odsherred	1085,Sjælland
4520,Svinninge	316,Holbæk	1085,Sjælland
4532,Gislinge	316,Holbæk	1085,Sjælland
4534,Hørve	306,Odsherred	1085,Sjælland
4534,Hørve	326,Kalundborg	1085,Sjælland
4540,Fårevejle	306,Odsherred	1085,Sjælland
4550,Asnæs	306,Odsherred	1085,Sjælland
4560,Vig	306,Odsherred	1085,Sjælland
4571,Grevinge	306,Odsherred	1085,Sjælland
4572,Nørre,Asmindrup	306,Odsherred	1085,Sjælland
4573,Højby	306,Odsherred	1085,Sjælland
4581,Rørvig	306,Odsherred	1085,Sjælland
4583,Sjællands,Odde	306,Odsherred	1085,Sjælland
4591,Føllenslev	306,Odsherred	1085,Sjælland
4591,Føllenslev	326,Kalundborg	1085,Sjælland
4592,Sejerø	326,Kalundborg	1085,Sjælland
4593,Eskebjerg	326,Kalundborg	1085,Sjælland
4600,Køge	259,Køge	1085,Sjælland
4600,Køge	336,Stevns	1085,Sjælland
4621,Gadstrup	265,Roskilde	1085,Sjælland
4622,Havdrup	265,Roskilde	1085,Sjælland
4622,Havdrup	269,Solrød	1085,Sjælland
4623,Lille,Skensved	259,Køge	1085,Sjælland
4623,Lille,Skensved	265,Roskilde	1085,Sjælland
4623,Lille,Skensved	269,Solrød	1085,Sjælland
4632,Bjæverskov	259,Køge	1085,Sjælland
4640,Faxe	320,Faxe	1085,Sjælland
4640,Faxe	370,Næstved	1085,Sjælland
4652,Hårlev	320,Faxe	1085,Sjælland
4652,Hårlev	336,Stevns	1085,Sjælland
4653,Karise	320,Faxe	1085,Sjælland
4653,Karise	336,Stevns	1085,Sjælland
4654,Faxe,Ladeplads	320,Faxe	1085,Sjælland
4660,Store,Heddinge	336,Stevns	1085,Sjælland
4671,Strøby	336,Stevns	1085,Sjælland
4672,Klippinge	336,Stevns	1085,Sjælland
4673,Rødvig,Stevns	336,Stevns	1085,Sjælland
4681,Herfølge	259,Køge	1085,Sjælland
4682,Tureby	259,Køge	1085,Sjælland
4682,Tureby	320,Faxe	1085,Sjælland
4682,Tureby	336,Stevns	1085,Sjælland
4683,Rønnede	320,Faxe	1085,Sjælland
4683,Rønnede	370,Næstved	1085,Sjælland
4684,Holmegaard	320,Faxe	1085,Sjælland
4684,Holmegaard	370,Næstved	1085,Sjælland
4690,Haslev	320,Faxe	1085,Sjælland
4690,Haslev	329,Ringsted	1085,Sjælland
4690,Haslev	370,Næstved	1085,Sjælland
4700,Næstved	370,Næstved	1085,Sjælland
4720,Præstø	390,Vordingborg	1085,Sjælland
4733,Tappernøje	320,Faxe	1085,Sjælland
4733,Tappernøje	370,Næstved	1085,Sjælland
4733,Tappernøje	390,Vordingborg	1085,Sjælland
4735,Mern	390,Vordingborg	1085,Sjælland
4736,Karrebæksminde	370,Næstved	1085,Sjælland
4750,Lundby	370,Næstved	1085,Sjælland
4750,Lundby	390,Vordingborg	1085,Sjælland
4760,Vordingborg	390,Vordingborg	1085,Sjælland
4771,Kalvehave	390,Vordingborg	1085,Sjælland
4772,Langebæk	390,Vordingborg	1085,Sjælland
4773,Stensved	390,Vordingborg	1085,Sjælland
4780,Stege	390,Vordingborg	1085,Sjælland
4791,Borre	390,Vordingborg	1085,Sjælland
4792,Askeby	390,Vordingborg	1085,Sjælland
4793,Bogø,By	390,Vordingborg	1085,Sjælland
4800,Nykøbing,F	376,Guldborgsund	1085,Sjælland
4840,Nørre,Alslev	376,Guldborgsund	1085,Sjælland
4850,Stubbekøbing	376,Guldborgsund	1085,Sjælland
4862,Guldborg	376,Guldborgsund	1085,Sjælland
4863,Eskilstrup	376,Guldborgsund	1085,Sjælland
4871,Horbelev	376,Guldborgsund	1085,Sjælland
4872,Idestrup	376,Guldborgsund	1085,Sjælland
4873,Væggerløse	376,Guldborgsund	1085,Sjælland
4874,Gedser	376,Guldborgsund	1085,Sjælland
4880,Nysted	376,Guldborgsund	1085,Sjælland
4891,Toreby,L	376,Guldborgsund	1085,Sjælland
4892,Kettinge	376,Guldborgsund	1085,Sjælland
4894,Øster,Ulslev	376,Guldborgsund	1085,Sjælland
4895,Errindlev	360,Lolland	1085,Sjælland
4900,Nakskov	360,Lolland	1085,Sjælland
4912,Harpelunde	360,Lolland	1085,Sjælland
4913,Horslunde	360,Lolland	1085,Sjælland
4920,Søllested	360,Lolland	1085,Sjælland
4930,Maribo	360,Lolland	1085,Sjælland
4930,Maribo	376,Guldborgsund	1085,Sjælland
4941,Bandholm	360,Lolland	1085,Sjælland
4943,Torrig,L	360,Lolland	1085,Sjælland
4944,Fejø	360,Lolland	1085,Sjælland
4951,Nørreballe	360,Lolland	1085,Sjælland
4952,Stokkemarke	360,Lolland	1085,Sjælland
4953,Vesterborg	360,Lolland	1085,Sjælland
4960,Holeby	360,Lolland	1085,Sjælland
4970,Rødby	360,Lolland	1085,Sjælland
4983,Dannemare	360,Lolland	1085,Sjælland
4990,Sakskøbing	376,Guldborgsund	1085,Sjælland
5000,Odense,C	461,Odense	1083,Syddanmark
5200,Odense,V	461,Odense	1083,Syddanmark
5210,Odense,NV	461,Odense	1083,Syddanmark
5220,Odense,SØ	461,Odense	1083,Syddanmark
5230,Odense,M	461,Odense	1083,Syddanmark
5240,Odense,NØ	461,Odense	1083,Syddanmark
5250,Odense,SV	461,Odense	1083,Syddanmark
5260,Odense,S	461,Odense	1083,Syddanmark
5270,Odense,N	461,Odense	1083,Syddanmark
5270,Odense,N	480,Nordfyns	1083,Syddanmark
5290,Marslev	440,Kerteminde	1083,Syddanmark
5300,Kerteminde	440,Kerteminde	1083,Syddanmark
5320,Agedrup	461,Odense	1083,Syddanmark
5330,Munkebo	440,Kerteminde	1083,Syddanmark
5330,Munkebo	461,Odense	1083,Syddanmark
5350,Rynkeby	440,Kerteminde	1083,Syddanmark
5370,Mesinge	440,Kerteminde	1083,Syddanmark
5380,Dalby	440,Kerteminde	1083,Syddanmark
5390,Martofte	440,Kerteminde	1083,Syddanmark
5400,Bogense	480,Nordfyns	1083,Syddanmark
5450,Otterup	480,Nordfyns	1083,Syddanmark
5462,Morud	480,Nordfyns	1083,Syddanmark
5463,Harndrup	410,Middelfart	1083,Syddanmark
5464,Brenderup,Fyn	410,Middelfart	1083,Syddanmark
5466,Asperup	410,Middelfart	1083,Syddanmark
5471,Søndersø	480,Nordfyns	1083,Syddanmark
5474,Veflinge	480,Nordfyns	1083,Syddanmark
5485,Skamby	480,Nordfyns	1083,Syddanmark
5491,Blommenslyst	461,Odense	1083,Syddanmark
5491,Blommenslyst	480,Nordfyns	1083,Syddanmark
5492,Vissenbjerg	420,Assens	1083,Syddanmark
5492,Vissenbjerg	461,Odense	1083,Syddanmark
5492,Vissenbjerg	480,Nordfyns	1083,Syddanmark
5500,Middelfart	410,Middelfart	1083,Syddanmark
5540,Ullerslev	440,Kerteminde	1083,Syddanmark
5540,Ullerslev	450,Nyborg	1083,Syddanmark
5550,Langeskov	430,Faaborg-Midtfyn	1083,Syddanmark
5550,Langeskov	440,Kerteminde	1083,Syddanmark
5550,Langeskov	450,Nyborg	1083,Syddanmark
5560,Aarup	410,Middelfart	1083,Syddanmark
5560,Aarup	420,Assens	1083,Syddanmark
5560,Aarup	480,Nordfyns	1083,Syddanmark
5580,Nørre,Aaby	410,Middelfart	1083,Syddanmark
5591,Gelsted	410,Middelfart	1083,Syddanmark
5592,Ejby	410,Middelfart	1083,Syddanmark
5600,Faaborg	430,Faaborg-Midtfyn	1083,Syddanmark
5610,Assens	420,Assens	1083,Syddanmark
5620,Glamsbjerg	420,Assens	1083,Syddanmark
5631,Ebberup	420,Assens	1083,Syddanmark
5642,Millinge	420,Assens	1083,Syddanmark
5642,Millinge	430,Faaborg-Midtfyn	1083,Syddanmark
5672,Broby	430,Faaborg-Midtfyn	1083,Syddanmark
5683,Haarby	420,Assens	1083,Syddanmark
5690,Tommerup	420,Assens	1083,Syddanmark
5700,Svendborg	479,Svendborg	1083,Syddanmark
5750,Ringe	430,Faaborg-Midtfyn	1083,Syddanmark
5762,Vester,Skerninge	430,Faaborg-Midtfyn	1083,Syddanmark
5762,Vester,Skerninge	479,Svendborg	1083,Syddanmark
5771,Stenstrup	430,Faaborg-Midtfyn	1083,Syddanmark
5771,Stenstrup	479,Svendborg	1083,Syddanmark
5772,Kværndrup	430,Faaborg-Midtfyn	1083,Syddanmark
5772,Kværndrup	479,Svendborg	1083,Syddanmark
5792,Årslev	430,Faaborg-Midtfyn	1083,Syddanmark
5800,Nyborg	450,Nyborg	1083,Syddanmark
5853,Ørbæk	430,Faaborg-Midtfyn	1083,Syddanmark
5853,Ørbæk	450,Nyborg	1083,Syddanmark
5854,Gislev	430,Faaborg-Midtfyn	1083,Syddanmark
5856,Ryslinge	430,Faaborg-Midtfyn	1083,Syddanmark
5863,Ferritslev,Fyn	430,Faaborg-Midtfyn	1083,Syddanmark
5871,Frørup	450,Nyborg	1083,Syddanmark
5874,Hesselager	450,Nyborg	1083,Syddanmark
5874,Hesselager	479,Svendborg	1083,Syddanmark
5881,Skårup,Fyn	479,Svendborg	1083,Syddanmark
5882,Vejstrup	479,Svendborg	1083,Syddanmark
5883,Oure	479,Svendborg	1083,Syddanmark
5884,Gudme	479,Svendborg	1083,Syddanmark
5892,Gudbjerg,Sydfyn	479,Svendborg	1083,Syddanmark
5900,Rudkøbing	482,Langeland	1083,Syddanmark
5932,Humble	482,Langeland	1083,Syddanmark
5935,Bagenkop	482,Langeland	1083,Syddanmark
5953,Tranekær	482,Langeland	1083,Syddanmark
5960,Marstal	492,Ærø	1083,Syddanmark
5970,Ærøskøbing	492,Ærø	1083,Syddanmark
5985,Søby,Ærø	492,Ærø	1083,Syddanmark
6000,Kolding	621,Kolding	1083,Syddanmark
6040,Egtved	621,Kolding	1083,Syddanmark
6040,Egtved	630,Vejle	1083,Syddanmark
6051,Almind	621,Kolding	1083,Syddanmark
6052,Viuf	621,Kolding	1083,Syddanmark
6052,Viuf	630,Vejle	1083,Syddanmark
6064,Jordrup	621,Kolding	1083,Syddanmark
6070,Christiansfeld	510,Haderslev	1083,Syddanmark
6070,Christiansfeld	621,Kolding	1083,Syddanmark
6091,Bjert	621,Kolding	1083,Syddanmark
6092,Sønder,Stenderup	621,Kolding	1083,Syddanmark
6093,Sjølund	621,Kolding	1083,Syddanmark
6094,Hejls	510,Haderslev	1083,Syddanmark
6094,Hejls	621,Kolding	1083,Syddanmark
6100,Haderslev	510,Haderslev	1083,Syddanmark
6100,Haderslev	621,Kolding	1083,Syddanmark
6200,Aabenraa	580,Aabenraa	1083,Syddanmark
6230,Rødekro	580,Aabenraa	1083,Syddanmark
6240,Løgumkloster	550,Tønder	1083,Syddanmark
6261,Bredebro	550,Tønder	1083,Syddanmark
6270,Tønder	550,Tønder	1083,Syddanmark
6280,Højer	550,Tønder	1083,Syddanmark
6300,Gråsten	540,Sønderborg	1083,Syddanmark
6310,Broager	540,Sønderborg	1083,Syddanmark
6320,Egernsund	540,Sønderborg	1083,Syddanmark
6330,Padborg	580,Aabenraa	1083,Syddanmark
6340,Kruså	580,Aabenraa	1083,Syddanmark
6360,Tinglev	580,Aabenraa	1083,Syddanmark
6372,Bylderup-Bov	580,Aabenraa	1083,Syddanmark
6392,Bolderslev	580,Aabenraa	1083,Syddanmark
6400,Sønderborg	540,Sønderborg	1083,Syddanmark
6430,Nordborg	540,Sønderborg	1083,Syddanmark
6440,Augustenborg	540,Sønderborg	1083,Syddanmark
6470,Sydals	540,Sønderborg	1083,Syddanmark
6500,Vojens	510,Haderslev	1083,Syddanmark
6510,Gram	510,Haderslev	1083,Syddanmark
6520,Toftlund	510,Haderslev	1083,Syddanmark
6520,Toftlund	550,Tønder	1083,Syddanmark
6534,Agerskov	510,Haderslev	1083,Syddanmark
6534,Agerskov	550,Tønder	1083,Syddanmark
6534,Agerskov	580,Aabenraa	1083,Syddanmark
6535,Branderup,J	550,Tønder	1083,Syddanmark
6541,Bevtoft	510,Haderslev	1083,Syddanmark
6541,Bevtoft	550,Tønder	1083,Syddanmark
6560,Sommersted	510,Haderslev	1083,Syddanmark
6560,Sommersted	621,Kolding	1083,Syddanmark
6580,Vamdrup	621,Kolding	1083,Syddanmark
6600,Vejen	575,Vejen	1083,Syddanmark
6621,Gesten	575,Vejen	1083,Syddanmark
6622,Bække	575,Vejen	1083,Syddanmark
6623,Vorbasse	530,Billund	1083,Syddanmark
6623,Vorbasse	630,Vejle	1083,Syddanmark
6630,Rødding	510,Haderslev	1083,Syddanmark
6630,Rødding	575,Vejen	1083,Syddanmark
6640,Lunderskov	621,Kolding	1083,Syddanmark
6650,Brørup	575,Vejen	1083,Syddanmark
6660,Lintrup	575,Vejen	1083,Syddanmark
6670,Holsted	561,Esbjerg	1083,Syddanmark
6670,Holsted	575,Vejen	1083,Syddanmark
6682,Hovborg	573,Varde	1083,Syddanmark
6682,Hovborg	575,Vejen	1083,Syddanmark
6683,Føvling	561,Esbjerg	1083,Syddanmark
6683,Føvling	575,Vejen	1083,Syddanmark
6690,Gørding	561,Esbjerg	1083,Syddanmark
6690,Gørding	575,Vejen	1083,Syddanmark
6700,Esbjerg	561,Esbjerg	1083,Syddanmark
6705,Esbjerg,Ø	561,Esbjerg	1083,Syddanmark
6710,Esbjerg,V	561,Esbjerg	1083,Syddanmark
6715,Esbjerg,N	561,Esbjerg	1083,Syddanmark
6720,Fanø	563,Fanø	1083,Syddanmark
6731,Tjæreborg	561,Esbjerg	1083,Syddanmark
6740,Bramming	561,Esbjerg	1083,Syddanmark
6752,Glejbjerg	575,Vejen	1083,Syddanmark
6753,Agerbæk	573,Varde	1083,Syddanmark
6753,Agerbæk	575,Vejen	1083,Syddanmark
6760,Ribe	561,Esbjerg	1083,Syddanmark
6771,Gredstedbro	561,Esbjerg	1083,Syddanmark
6780,Skærbæk	550,Tønder	1083,Syddanmark
6792,Rømø	550,Tønder	1083,Syddanmark
6800,Varde	573,Varde	1083,Syddanmark
6818,Årre	561,Esbjerg	1083,Syddanmark
6818,Årre	573,Varde	1083,Syddanmark
6823,Ansager	530,Billund	1083,Syddanmark
6823,Ansager	573,Varde	1083,Syddanmark
6830,Nørre,Nebel	573,Varde	1083,Syddanmark
6830,Nørre,Nebel	760,Ringkøbing-Skjern	1082,Midtjylland
6840,Oksbøl	573,Varde	1083,Syddanmark
6851,Janderup,Vestj	573,Varde	1083,Syddanmark
6852,Billum	573,Varde	1083,Syddanmark
6853,Vejers,Strand	573,Varde	1083,Syddanmark
6854,Henne	573,Varde	1083,Syddanmark
6855,Outrup	573,Varde	1083,Syddanmark
6857,Blåvand	573,Varde	1083,Syddanmark
6862,Tistrup	573,Varde	1083,Syddanmark
6870,Ølgod	573,Varde	1083,Syddanmark
6870,Ølgod	760,Ringkøbing-Skjern	1082,Midtjylland
6880,Tarm	573,Varde	1083,Syddanmark
6880,Tarm	760,Ringkøbing-Skjern	1082,Midtjylland
6893,Hemmet	760,Ringkøbing-Skjern	1082,Midtjylland
6900,Skjern	760,Ringkøbing-Skjern	1082,Midtjylland
6920,Videbæk	760,Ringkøbing-Skjern	1082,Midtjylland
6933,Kibæk	657,Herning	1082,Midtjylland
6933,Kibæk	760,Ringkøbing-Skjern	1082,Midtjylland
6940,Lem,St	760,Ringkøbing-Skjern	1082,Midtjylland
6950,Ringkøbing	760,Ringkøbing-Skjern	1082,Midtjylland
6960,Hvide,Sande	760,Ringkøbing-Skjern	1082,Midtjylland
6971,Spjald	760,Ringkøbing-Skjern	1082,Midtjylland
6973,Ørnhøj	657,Herning	1082,Midtjylland
6973,Ørnhøj	760,Ringkøbing-Skjern	1082,Midtjylland
6980,Tim	760,Ringkøbing-Skjern	1082,Midtjylland
6990,Ulfborg	657,Herning	1082,Midtjylland
6990,Ulfborg	661,Holstebro	1082,Midtjylland
6990,Ulfborg	665,Lemvig	1082,Midtjylland
6990,Ulfborg	760,Ringkøbing-Skjern	1082,Midtjylland
7000,Fredericia	607,Fredericia	1083,Syddanmark
7000,Fredericia	630,Vejle	1083,Syddanmark
7080,Børkop	630,Vejle	1083,Syddanmark
7100,Vejle	630,Vejle	1083,Syddanmark
7100,Vejle	766,Hedensted	1082,Midtjylland
7120,Vejle,Øst	630,Vejle	1083,Syddanmark
7120,Vejle,Øst	766,Hedensted	1082,Midtjylland
7130,Juelsminde	766,Hedensted	1082,Midtjylland
7140,Stouby	766,Hedensted	1082,Midtjylland
7150,Barrit	766,Hedensted	1082,Midtjylland
7160,Tørring	630,Vejle	1083,Syddanmark
7160,Tørring	766,Hedensted	1082,Midtjylland
7171,Uldum	766,Hedensted	1082,Midtjylland
7173,Vonge	630,Vejle	1083,Syddanmark
7182,Bredsten	630,Vejle	1083,Syddanmark
7183,Randbøl	630,Vejle	1083,Syddanmark
7184,Vandel	630,Vejle	1083,Syddanmark
7190,Billund	530,Billund	1083,Syddanmark
7190,Billund	630,Vejle	1083,Syddanmark
7200,Grindsted	530,Billund	1083,Syddanmark
7200,Grindsted	573,Varde	1083,Syddanmark
7200,Grindsted	630,Vejle	1083,Syddanmark
7250,Hejnsvig	530,Billund	1083,Syddanmark
7260,Sønder,Omme	530,Billund	1083,Syddanmark
7260,Sønder,Omme	657,Herning	1082,Midtjylland
7270,Stakroge	657,Herning	1082,Midtjylland
7270,Stakroge	760,Ringkøbing-Skjern	1082,Midtjylland
7280,Sønder,Felding	657,Herning	1082,Midtjylland
7280,Sønder,Felding	760,Ringkøbing-Skjern	1082,Midtjylland
7300,Jelling	630,Vejle	1083,Syddanmark
7321,Gadbjerg	630,Vejle	1083,Syddanmark
7323,Give	630,Vejle	1083,Syddanmark
7323,Give	756,Ikast-Brande	1082,Midtjylland
7330,Brande	630,Vejle	1083,Syddanmark
7330,Brande	657,Herning	1082,Midtjylland
7330,Brande	756,Ikast-Brande	1082,Midtjylland
7361,Ejstrupholm	630,Vejle	1083,Syddanmark
7361,Ejstrupholm	756,Ikast-Brande	1082,Midtjylland
7362,Hampen	740,Silkeborg	1082,Midtjylland
7362,Hampen	756,Ikast-Brande	1082,Midtjylland
7400,Herning	657,Herning	1082,Midtjylland
7400,Herning	756,Ikast-Brande	1082,Midtjylland
7400,Herning	760,Ringkøbing-Skjern	1082,Midtjylland
7430,Ikast	756,Ikast-Brande	1082,Midtjylland
7441,Bording	740,Silkeborg	1082,Midtjylland
7441,Bording	756,Ikast-Brande	1082,Midtjylland
7442,Engesvang	740,Silkeborg	1082,Midtjylland
7442,Engesvang	756,Ikast-Brande	1082,Midtjylland
7451,Sunds	657,Herning	1082,Midtjylland
7451,Sunds	756,Ikast-Brande	1082,Midtjylland
7470,Karup,J	657,Herning	1082,Midtjylland
7470,Karup,J	740,Silkeborg	1082,Midtjylland
7470,Karup,J	791,Viborg	1082,Midtjylland
7480,Vildbjerg	657,Herning	1082,Midtjylland
7480,Vildbjerg	760,Ringkøbing-Skjern	1082,Midtjylland
7490,Aulum	657,Herning	1082,Midtjylland
7500,Holstebro	657,Herning	1082,Midtjylland
7500,Holstebro	661,Holstebro	1082,Midtjylland
7500,Holstebro	671,Struer	1082,Midtjylland
7540,Haderup	657,Herning	1082,Midtjylland
7540,Haderup	661,Holstebro	1082,Midtjylland
7550,Sørvad	657,Herning	1082,Midtjylland
7560,Hjerm	661,Holstebro	1082,Midtjylland
7560,Hjerm	671,Struer	1082,Midtjylland
7570,Vemb	661,Holstebro	1082,Midtjylland
7570,Vemb	665,Lemvig	1082,Midtjylland
7600,Struer	661,Holstebro	1082,Midtjylland
7600,Struer	665,Lemvig	1082,Midtjylland
7600,Struer	671,Struer	1082,Midtjylland
7620,Lemvig	665,Lemvig	1082,Midtjylland
7650,Bøvlingbjerg	665,Lemvig	1082,Midtjylland
7660,Bækmarksbro	665,Lemvig	1082,Midtjylland
7660,Bækmarksbro	671,Struer	1082,Midtjylland
7673,Harboøre	665,Lemvig	1082,Midtjylland
7680,Thyborøn	665,Lemvig	1082,Midtjylland
7700,Thisted	787,Thisted	1081,Nordjylland
7730,Hanstholm	787,Thisted	1081,Nordjylland
7741,Frøstrup	787,Thisted	1081,Nordjylland
7742,Vesløs	787,Thisted	1081,Nordjylland
7752,Snedsted	787,Thisted	1081,Nordjylland
7755,Bedsted,Thy	787,Thisted	1081,Nordjylland
7760,Hurup,Thy	671,Struer	1082,Midtjylland
7760,Hurup,Thy	787,Thisted	1081,Nordjylland
7770,Vestervig	787,Thisted	1081,Nordjylland
7790,Thyholm	671,Struer	1082,Midtjylland
7800,Skive	661,Holstebro	1082,Midtjylland
7800,Skive	779,Skive	1082,Midtjylland
7800,Skive	791,Viborg	1082,Midtjylland
7830,Vinderup	661,Holstebro	1082,Midtjylland
7830,Vinderup	671,Struer	1082,Midtjylland
7830,Vinderup	779,Skive	1082,Midtjylland
7840,Højslev	779,Skive	1082,Midtjylland
7840,Højslev	791,Viborg	1082,Midtjylland
7850,Stoholm,Jyll	791,Viborg	1082,Midtjylland
7860,Spøttrup	779,Skive	1082,Midtjylland
7870,Roslev	779,Skive	1082,Midtjylland
7884,Fur	779,Skive	1082,Midtjylland
7900,Nykøbing,M	773,Morsø	1081,Nordjylland
7950,Erslev	773,Morsø	1081,Nordjylland
7960,Karby	773,Morsø	1081,Nordjylland
7970,Redsted,M	773,Morsø	1081,Nordjylland
7980,Vils	773,Morsø	1081,Nordjylland
7990,Øster,Assels	773,Morsø	1081,Nordjylland
8000,Aarhus,C	751,Aarhus	1082,Midtjylland
8200,Aarhus,N	751,Aarhus	1082,Midtjylland
8210,Aarhus,V	751,Aarhus	1082,Midtjylland
8220,Brabrand	751,Aarhus	1082,Midtjylland
8230,Åbyhøj	751,Aarhus	1082,Midtjylland
8240,Risskov	751,Aarhus	1082,Midtjylland
8250,Egå	751,Aarhus	1082,Midtjylland
8260,Viby,J	751,Aarhus	1082,Midtjylland
8270,Højbjerg	751,Aarhus	1082,Midtjylland
8300,Odder	727,Odder	1082,Midtjylland
8300,Odder	751,Aarhus	1082,Midtjylland
8305,Samsø	741,Samsø	1082,Midtjylland
8310,Tranbjerg,J	751,Aarhus	1082,Midtjylland
8320,Mårslet	751,Aarhus	1082,Midtjylland
8330,Beder	751,Aarhus	1082,Midtjylland
8340,Malling	727,Odder	1082,Midtjylland
8340,Malling	751,Aarhus	1082,Midtjylland
8350,Hundslund	727,Odder	1082,Midtjylland
8355,Solbjerg	751,Aarhus	1082,Midtjylland
8361,Hasselager	751,Aarhus	1082,Midtjylland
8362,Hørning	746,Skanderborg	1082,Midtjylland
8362,Hørning	751,Aarhus	1082,Midtjylland
8370,Hadsten	710,Favrskov	1082,Midtjylland
8380,Trige	710,Favrskov	1082,Midtjylland
8380,Trige	751,Aarhus	1082,Midtjylland
8381,Tilst	751,Aarhus	1082,Midtjylland
8382,Hinnerup	710,Favrskov	1082,Midtjylland
8382,Hinnerup	751,Aarhus	1082,Midtjylland
8400,Ebeltoft	706,Syddjurs	1082,Midtjylland
8410,Rønde	706,Syddjurs	1082,Midtjylland
8420,Knebel	706,Syddjurs	1082,Midtjylland
8444,Balle	706,Syddjurs	1082,Midtjylland
8444,Balle	707,Norddjurs	1082,Midtjylland
8450,Hammel	710,Favrskov	1082,Midtjylland
8450,Hammel	740,Silkeborg	1082,Midtjylland
8462,Harlev,J	751,Aarhus	1082,Midtjylland
8464,Galten	746,Skanderborg	1082,Midtjylland
8464,Galten	751,Aarhus	1082,Midtjylland
8471,Sabro	710,Favrskov	1082,Midtjylland
8471,Sabro	746,Skanderborg	1082,Midtjylland
8471,Sabro	751,Aarhus	1082,Midtjylland
8472,Sporup	710,Favrskov	1082,Midtjylland
8472,Sporup	740,Silkeborg	1082,Midtjylland
8472,Sporup	746,Skanderborg	1082,Midtjylland
8500,Grenaa	707,Norddjurs	1082,Midtjylland
8520,Lystrup	751,Aarhus	1082,Midtjylland
8530,Hjortshøj	751,Aarhus	1082,Midtjylland
8541,Skødstrup	751,Aarhus	1082,Midtjylland
8543,Hornslet	706,Syddjurs	1082,Midtjylland
8543,Hornslet	751,Aarhus	1082,Midtjylland
8544,Mørke	706,Syddjurs	1082,Midtjylland
8550,Ryomgård	706,Syddjurs	1082,Midtjylland
8550,Ryomgård	707,Norddjurs	1082,Midtjylland
8560,Kolind	706,Syddjurs	1082,Midtjylland
8560,Kolind	707,Norddjurs	1082,Midtjylland
8570,Trustrup	706,Syddjurs	1082,Midtjylland
8570,Trustrup	707,Norddjurs	1082,Midtjylland
8581,Nimtofte	706,Syddjurs	1082,Midtjylland
8581,Nimtofte	707,Norddjurs	1082,Midtjylland
8585,Glesborg	707,Norddjurs	1082,Midtjylland
8586,Ørum,Djurs	707,Norddjurs	1082,Midtjylland
8592,Anholt	707,Norddjurs	1082,Midtjylland
8600,Silkeborg	740,Silkeborg	1082,Midtjylland
8600,Silkeborg	746,Skanderborg	1082,Midtjylland
8600,Silkeborg	756,Ikast-Brande	1082,Midtjylland
8620,Kjellerup	740,Silkeborg	1082,Midtjylland
8620,Kjellerup	791,Viborg	1082,Midtjylland
8632,Lemming	740,Silkeborg	1082,Midtjylland
8641,Sorring	710,Favrskov	1082,Midtjylland
8641,Sorring	740,Silkeborg	1082,Midtjylland
8643,Ans,By	740,Silkeborg	1082,Midtjylland
8643,Ans,By	791,Viborg	1082,Midtjylland
8653,Them	740,Silkeborg	1082,Midtjylland
8654,Bryrup	615,Horsens	1082,Midtjylland
8654,Bryrup	740,Silkeborg	1082,Midtjylland
8654,Bryrup	756,Ikast-Brande	1082,Midtjylland
8660,Skanderborg	615,Horsens	1082,Midtjylland
8660,Skanderborg	727,Odder	1082,Midtjylland
8660,Skanderborg	746,Skanderborg	1082,Midtjylland
8660,Skanderborg	751,Aarhus	1082,Midtjylland
8670,Låsby	746,Skanderborg	1082,Midtjylland
8680,Ry	615,Horsens	1082,Midtjylland
8680,Ry	740,Silkeborg	1082,Midtjylland
8680,Ry	746,Skanderborg	1082,Midtjylland
8700,Horsens	615,Horsens	1082,Midtjylland
8700,Horsens	766,Hedensted	1082,Midtjylland
8721,Daugård	630,Vejle	1083,Syddanmark
8721,Daugård	766,Hedensted	1082,Midtjylland
8722,Hedensted	766,Hedensted	1082,Midtjylland
8723,Løsning	766,Hedensted	1082,Midtjylland
8732,Hovedgård	615,Horsens	1082,Midtjylland
8740,Brædstrup	615,Horsens	1082,Midtjylland
8740,Brædstrup	740,Silkeborg	1082,Midtjylland
8751,Gedved	615,Horsens	1082,Midtjylland
8751,Gedved	746,Skanderborg	1082,Midtjylland
8752,Østbirk	615,Horsens	1082,Midtjylland
8762,Flemming	766,Hedensted	1082,Midtjylland
8763,Rask,Mølle	766,Hedensted	1082,Midtjylland
8765,Klovborg	615,Horsens	1082,Midtjylland
8765,Klovborg	756,Ikast-Brande	1082,Midtjylland
8766,Nørre,Snede	756,Ikast-Brande	1082,Midtjylland
8766,Nørre,Snede	766,Hedensted	1082,Midtjylland
8781,Stenderup	615,Horsens	1082,Midtjylland
8781,Stenderup	766,Hedensted	1082,Midtjylland
8783,Hornsyld	615,Horsens	1082,Midtjylland
8783,Hornsyld	766,Hedensted	1082,Midtjylland
8800,Viborg	740,Silkeborg	1082,Midtjylland
8800,Viborg	791,Viborg	1082,Midtjylland
8830,Tjele	791,Viborg	1082,Midtjylland
8831,Løgstrup	791,Viborg	1082,Midtjylland
8832,Skals	791,Viborg	1082,Midtjylland
8840,Rødkærsbro	740,Silkeborg	1082,Midtjylland
8840,Rødkærsbro	791,Viborg	1082,Midtjylland
8850,Bjerringbro	710,Favrskov	1082,Midtjylland
8850,Bjerringbro	791,Viborg	1082,Midtjylland
8860,Ulstrup	710,Favrskov	1082,Midtjylland
8860,Ulstrup	730,Randers	1082,Midtjylland
8860,Ulstrup	791,Viborg	1082,Midtjylland
8870,Langå	710,Favrskov	1082,Midtjylland
8870,Langå	730,Randers	1082,Midtjylland
8881,Thorsø	710,Favrskov	1082,Midtjylland
8881,Thorsø	740,Silkeborg	1082,Midtjylland
8882,Fårvang	710,Favrskov	1082,Midtjylland
8882,Fårvang	740,Silkeborg	1082,Midtjylland
8883,Gjern	740,Silkeborg	1082,Midtjylland
8900,Randers,C	730,Randers	1082,Midtjylland
8920,Randers,NV	730,Randers	1082,Midtjylland
8930,Randers,NØ	730,Randers	1082,Midtjylland
8940,Randers,SV	710,Favrskov	1082,Midtjylland
8940,Randers,SV	730,Randers	1082,Midtjylland
8950,Ørsted	707,Norddjurs	1082,Midtjylland
8960,Randers,SØ	710,Favrskov	1082,Midtjylland
8960,Randers,SØ	730,Randers	1082,Midtjylland
8961,Allingåbro	707,Norddjurs	1082,Midtjylland
8963,Auning	706,Syddjurs	1082,Midtjylland
8963,Auning	707,Norddjurs	1082,Midtjylland
8970,Havndal	730,Randers	1082,Midtjylland
8970,Havndal	846,Mariagerfjord	1081,Nordjylland
8981,Spentrup	730,Randers	1082,Midtjylland
8983,Gjerlev,J	730,Randers	1082,Midtjylland
8990,Fårup	730,Randers	1082,Midtjylland
8990,Fårup	846,Mariagerfjord	1081,Nordjylland
9000,Aalborg	851,Aalborg	1081,Nordjylland
9200,Aalborg,SV	851,Aalborg	1081,Nordjylland
9210,Aalborg,SØ	851,Aalborg	1081,Nordjylland
9220,Aalborg,Øst	851,Aalborg	1081,Nordjylland
9230,Svenstrup,J	840,Rebild	1081,Nordjylland
9230,Svenstrup,J	851,Aalborg	1081,Nordjylland
9240,Nibe	820,Vesthimmerlands	1081,Nordjylland
9240,Nibe	840,Rebild	1081,Nordjylland
9240,Nibe	851,Aalborg	1081,Nordjylland
9260,Gistrup	840,Rebild	1081,Nordjylland
9260,Gistrup	851,Aalborg	1081,Nordjylland
9270,Klarup	851,Aalborg	1081,Nordjylland
9280,Storvorde	851,Aalborg	1081,Nordjylland
9293,Kongerslev	840,Rebild	1081,Nordjylland
9293,Kongerslev	851,Aalborg	1081,Nordjylland
9300,Sæby	813,Frederikshavn	1081,Nordjylland
9310,Vodskov	851,Aalborg	1081,Nordjylland
9320,Hjallerup	810,Brønderslev	1081,Nordjylland
9320,Hjallerup	851,Aalborg	1081,Nordjylland
9330,Dronninglund	810,Brønderslev	1081,Nordjylland
9330,Dronninglund	813,Frederikshavn	1081,Nordjylland
9340,Asaa	810,Brønderslev	1081,Nordjylland
9340,Asaa	813,Frederikshavn	1081,Nordjylland
9352,Dybvad	810,Brønderslev	1081,Nordjylland
9352,Dybvad	813,Frederikshavn	1081,Nordjylland
9362,Gandrup	851,Aalborg	1081,Nordjylland
9370,Hals	810,Brønderslev	1081,Nordjylland
9370,Hals	851,Aalborg	1081,Nordjylland
9380,Vestbjerg	851,Aalborg	1081,Nordjylland
9381,Sulsted	849,Jammerbugt	1081,Nordjylland
9381,Sulsted	851,Aalborg	1081,Nordjylland
9382,Tylstrup	810,Brønderslev	1081,Nordjylland
9382,Tylstrup	849,Jammerbugt	1081,Nordjylland
9382,Tylstrup	851,Aalborg	1081,Nordjylland
9400,Nørresundby	851,Aalborg	1081,Nordjylland
9430,Vadum	849,Jammerbugt	1081,Nordjylland
9430,Vadum	851,Aalborg	1081,Nordjylland
9440,Aabybro	810,Brønderslev	1081,Nordjylland
9440,Aabybro	849,Jammerbugt	1081,Nordjylland
9440,Aabybro	851,Aalborg	1081,Nordjylland
9460,Brovst	849,Jammerbugt	1081,Nordjylland
9480,Løkken	810,Brønderslev	1081,Nordjylland
9480,Løkken	849,Jammerbugt	1081,Nordjylland
9480,Løkken	860,Hjørring	1081,Nordjylland
9490,Pandrup	849,Jammerbugt	1081,Nordjylland
9492,Blokhus	849,Jammerbugt	1081,Nordjylland
9493,Saltum	849,Jammerbugt	1081,Nordjylland
9500,Hobro	791,Viborg	1082,Midtjylland
9500,Hobro	840,Rebild	1081,Nordjylland
9500,Hobro	846,Mariagerfjord	1081,Nordjylland
9510,Arden	840,Rebild	1081,Nordjylland
9510,Arden	846,Mariagerfjord	1081,Nordjylland
9520,Skørping	840,Rebild	1081,Nordjylland
9530,Støvring	840,Rebild	1081,Nordjylland
9530,Støvring	851,Aalborg	1081,Nordjylland
9541,Suldrup	820,Vesthimmerlands	1081,Nordjylland
9541,Suldrup	840,Rebild	1081,Nordjylland
9550,Mariager	730,Randers	1082,Midtjylland
9550,Mariager	846,Mariagerfjord	1081,Nordjylland
9560,Hadsund	840,Rebild	1081,Nordjylland
9560,Hadsund	846,Mariagerfjord	1081,Nordjylland
9574,Bælum	840,Rebild	1081,Nordjylland
9575,Terndrup	840,Rebild	1081,Nordjylland
9600,Aars	820,Vesthimmerlands	1081,Nordjylland
9600,Aars	840,Rebild	1081,Nordjylland
9610,Nørager	820,Vesthimmerlands	1081,Nordjylland
9610,Nørager	840,Rebild	1081,Nordjylland
9620,Aalestrup	791,Viborg	1082,Midtjylland
9620,Aalestrup	820,Vesthimmerlands	1081,Nordjylland
9620,Aalestrup	840,Rebild	1081,Nordjylland
9620,Aalestrup	846,Mariagerfjord	1081,Nordjylland
9631,Gedsted	791,Viborg	1082,Midtjylland
9631,Gedsted	820,Vesthimmerlands	1081,Nordjylland
9632,Møldrup	791,Viborg	1082,Midtjylland
9640,Farsø	820,Vesthimmerlands	1081,Nordjylland
9670,Løgstør	820,Vesthimmerlands	1081,Nordjylland
9670,Løgstør	849,Jammerbugt	1081,Nordjylland
9681,Ranum	820,Vesthimmerlands	1081,Nordjylland
9690,Fjerritslev	849,Jammerbugt	1081,Nordjylland
9700,Brønderslev	810,Brønderslev	1081,Nordjylland
9700,Brønderslev	849,Jammerbugt	1081,Nordjylland
9740,Jerslev,J	810,Brønderslev	1081,Nordjylland
9740,Jerslev,J	860,Hjørring	1081,Nordjylland
9750,Østervrå	810,Brønderslev	1081,Nordjylland
9750,Østervrå	813,Frederikshavn	1081,Nordjylland
9750,Østervrå	860,Hjørring	1081,Nordjylland
9760,Vrå	810,Brønderslev	1081,Nordjylland
9760,Vrå	860,Hjørring	1081,Nordjylland
9800,Hjørring	860,Hjørring	1081,Nordjylland
9830,Tårs	813,Frederikshavn	1081,Nordjylland
9830,Tårs	860,Hjørring	1081,Nordjylland
9850,Hirtshals	860,Hjørring	1081,Nordjylland
9870,Sindal	813,Frederikshavn	1081,Nordjylland
9870,Sindal	860,Hjørring	1081,Nordjylland
9881,Bindslev	813,Frederikshavn	1081,Nordjylland
9881,Bindslev	860,Hjørring	1081,Nordjylland
9900,Frederikshavn	813,Frederikshavn	1081,Nordjylland
9900,Frederikshavn	860,Hjørring	1081,Nordjylland
9940,Læsø	825,Læsø	1081,Nordjylland
9970,Strandby	813,Frederikshavn	1081,Nordjylland
9981,Jerup	813,Frederikshavn	1081,Nordjylland
9982,Ålbæk	813,Frederikshavn	1081,Nordjylland
9982,Ålbæk	860,Hjørring	1081,Nordjylland
9990,Skagen	813,Frederikshavn	1081,Nordjylland
9999,Uden,fast,bopæl	101,1084,
9999,Uden,fast,bopæl	147,1084,
9999,Uden,fast,bopæl	151,Ballerup	1084,
9999,Uden,fast,bopæl	153,Brøndby	1084,
9999,Uden,fast,bopæl	155,Dragør	1084,
9999,Uden,fast,bopæl	157,Gentofte	1084,
9999,Uden,fast,bopæl	159,Gladsaxe	1084,
9999,Uden,fast,bopæl	163,Herlev	1084,
9999,Uden,fast,bopæl	165,Albertslund	1084,
9999,Uden,fast,bopæl	167,Hvidovre	1084,
9999,Uden,fast,bopæl	169,Høje-Taastrup	1084,
9999,Uden,fast,bopæl	173,Lyngby-Taarbæk	1084,
9999,Uden,fast,bopæl	175,Rødovre	1084,
9999,Uden,fast,bopæl	185,Tårnby	1084,
9999,Uden,fast,bopæl	190,Furesø	1084,
9999,Uden,fast,bopæl	201,Allerød	1084,
9999,Uden,fast,bopæl	210,Fredensborg	1084,
9999,Uden,fast,bopæl	217,Helsingør	1084,
9999,Uden,fast,bopæl	219,Hillerød	1084,
9999,Uden,fast,bopæl	223,Hørsholm	1084,
9999,Uden,fast,bopæl	230,Rudersdal	1084,
9999,Uden,fast,bopæl	240,Egedal	1084,
9999,Uden,fast,bopæl	250,Frederikssund	1084,
9999,Uden,fast,bopæl	253,Greve	1085,Sjælland
9999,Uden,fast,bopæl	259,Køge	1085,Sjælland
9999,Uden,fast,bopæl	260,Halsnæs	1084,
9999,Uden,fast,bopæl	265,Roskilde	1085,Sjælland
9999,Uden,fast,bopæl	269,Solrød	1085,Sjælland
9999,Uden,fast,bopæl	270,Gribskov	1084,
9999,Uden,fast,bopæl	306,Odsherred	1085,Sjælland
9999,Uden,fast,bopæl	316,Holbæk	1085,Sjælland
9999,Uden,fast,bopæl	320,Faxe	1085,Sjælland
9999,Uden,fast,bopæl	326,Kalundborg	1085,Sjælland
9999,Uden,fast,bopæl	329,Ringsted	1085,Sjælland
9999,Uden,fast,bopæl	330,Slagelse	1085,Sjælland
9999,Uden,fast,bopæl	336,Stevns	1085,Sjælland
9999,Uden,fast,bopæl	340,Sorø	1085,Sjælland
9999,Uden,fast,bopæl	350,Lejre	1085,Sjælland
9999,Uden,fast,bopæl	360,Lolland	1085,Sjælland
9999,Uden,fast,bopæl	370,Næstved	1085,Sjælland
9999,Uden,fast,bopæl	376,Guldborgsund	1085,Sjælland
9999,Uden,fast,bopæl	390,Vordingborg	1085,Sjælland
9999,Uden,fast,bopæl	400,Bornholm	1084,
9999,Uden,fast,bopæl	410,Middelfart	1083,Syddanmark
9999,Uden,fast,bopæl	420,Assens	1083,Syddanmark
9999,Uden,fast,bopæl	440,Kerteminde	1083,Syddanmark
9999,Uden,fast,bopæl	461,Odense	1083,Syddanmark
9999,Uden,fast,bopæl	479,Svendborg	1083,Syddanmark
9999,Uden,fast,bopæl	482,Langeland	1083,Syddanmark
9999,Uden,fast,bopæl	510,Haderslev	1083,Syddanmark
9999,Uden,fast,bopæl	530,Billund	1083,Syddanmark
9999,Uden,fast,bopæl	561,Esbjerg	1083,Syddanmark
9999,Uden,fast,bopæl	573,Varde	1083,Syddanmark
9999,Uden,fast,bopæl	575,Vejen	1083,Syddanmark
9999,Uden,fast,bopæl	580,Aabenraa	1083,Syddanmark
9999,Uden,fast,bopæl	607,Fredericia	1083,Syddanmark
9999,Uden,fast,bopæl	615,Horsens	1082,Midtjylland
9999,Uden,fast,bopæl	621,Kolding	1083,Syddanmark
9999,Uden,fast,bopæl	657,Herning	1082,Midtjylland
9999,Uden,fast,bopæl	661,Holstebro	1082,Midtjylland
9999,Uden,fast,bopæl	706,Syddjurs	1082,Midtjylland
9999,Uden,fast,bopæl	707,Norddjurs	1082,Midtjylland
9999,Uden,fast,bopæl	710,Favrskov	1082,Midtjylland
9999,Uden,fast,bopæl	727,Odder	1082,Midtjylland
9999,Uden,fast,bopæl	730,Randers	1082,Midtjylland
9999,Uden,fast,bopæl	740,Silkeborg	1082,Midtjylland
9999,Uden,fast,bopæl	741,Samsø	1082,Midtjylland
9999,Uden,fast,bopæl	746,Skanderborg	1082,Midtjylland
9999,Uden,fast,bopæl	751,Aarhus	1082,Midtjylland
9999,Uden,fast,bopæl	756,Ikast-Brande	1082,Midtjylland
9999,Uden,fast,bopæl	760,Ringkøbing-Skjern	1082,Midtjylland
9999,Uden,fast,bopæl	766,Hedensted	1082,Midtjylland
9999,Uden,fast,bopæl	779,Skive	1082,Midtjylland
9999,Uden,fast,bopæl	787,Thisted	1081,Nordjylland
9999,Uden,fast,bopæl	791,Viborg	1082,Midtjylland
9999,Uden,fast,bopæl	810,Brønderslev	1081,Nordjylland
9999,Uden,fast,bopæl	813,Frederikshavn	1081,Nordjylland
9999,Uden,fast,bopæl	820,Vesthimmerlands	1081,Nordjylland
9999,Uden,fast,bopæl	840,Rebild	1081,Nordjylland
9999,Uden,fast,bopæl	846,Mariagerfjord	1081,Nordjylland
9999,Uden,fast,bopæl	849,Jammerbugt	1081,Nordjylland
9999,Uden,fast,bopæl	851,Aalborg	1081,Nordjylland
9999,Uden,fast,bopæl	860,Hjørring	1081,Nordjylland
